codice;fornitore
BB33;Amachi
D14;Arona s.r.l.
A25;Artgiano della plastica
A15;AssStrada
A4;Autolavaggio Ronca
A7;Autolifr
A10;Baroni
A8;Caronno
A1;Carri-auto
D18;Carrozzeria Milone
A16;Cartotecnica Amati
A19;Climbi
A3;Crivelli
K41;DataTransfer
A2;Emporio
A17;Eurodisel
A12;ForzaJuve
A27;I colori
G43;Impruna
L21;Ingente
C36;JetPack
BB6;L.O.L.
D9;La plastica
NN35;Limbiani s.r.l
BB5;Litoppio
A23;Merlini
A22;MicroLife
L32;Milora
BB11;Milova
V44;Minzi
K31;Mistic
A38;Monarchi
BB26;Mondografica
H37;NelleEmergenze
A13;Petroli
K20;PlastLife
D24;Prometalllica
A28;Sarabanda
M34;Service Pro
L42;Supporto
A40;Ubaldi
D29;Umbrini
A30;Vernici ink
D39;Verniciato
